source,target,weight
AL,AZ,0.995592425219217
AL,AR,3.36012443511486
AL,CA,6.59579981707731
AL,CO,1.24449053152402
AL,DC,3.48457348826726
AL,FL,15.8050297503551
AL,GA,8.96033182697296
AL,IL,5.7246564450105
AL,IN,1.12004147837162
AL,IA,1.12004147837162
AL,KS,1.49338863782883
AL,KY,4.97796212609609
AL,LA,3.85792064772447
AL,ME,0.497796212609609
AL,MD,1.12004147837162
AL,MA,1.12004147837162
AL,MI,2.98677727565765
AL,MN,1.86673579728603
AL,MS,3.48457348826726
AL,MO,3.73347159457206
AL,MT,1.49338863782883
AL,NE,1.24449053152402
AL,NV,0.373347159457206
AL,NH,0.248898106304804
AL,NJ,0.995592425219217
AL,NM,0.373347159457206
AL,NY,5.6002073918581
AL,NC,4.10681875402927
AL,OH,4.48016591348648
AL,OK,1.86673579728603
AL,OR,1.86673579728603
AL,PA,1.99118485043843
AL,RI,0.124449053152402
AL,SC,1.86673579728603
AL,SD,0.124449053152402
AL,TN,10.7026185711066
AL,TX,25.5120558962424
AL,UT,1.36893958467642
AL,VT,0.124449053152402
AL,VA,1.99118485043843
AL,WV,0.373347159457206
AL,WI,3.11122632881005
AL,WY,0.497796212609609
AZ,AL,2.48898106304804
AZ,AR,0.746694318914411
AZ,CA,32.8545500322341
AZ,CO,4.85351307294367
AZ,CT,1.24449053152402
AZ,DE,0.248898106304804
AZ,DC,9.83147519903974
AZ,FL,15.3072335377454
AZ,GA,2.11563390359083
AZ,ID,0.746694318914411
AZ,IL,16.8006221755742
AZ,IN,1.49338863782882
AZ,IA,1.12004147837162
AZ,KS,5.84910549816289
AZ,KY,3.11122632881005
AZ,LA,1.36893958467642
AZ,ME,0.995592425219214
AZ,MD,1.36893958467642
AZ,MA,2.48898106304804
AZ,MI,5.84910549816289
AZ,MN,2.98677727565764
AZ,MS,1.49338863782882
AZ,MO,1.36893958467642
AZ,MT,0.622245265762009
AZ,NE,1.99118485043843
AZ,NV,4.48016591348647
AZ,NH,0.124449053152402
AZ,NJ,2.86232822250524
AZ,NM,1.99118485043843
AZ,NY,20.0362975575367
AZ,NC,2.61343011620044
AZ,OH,5.47575833870568
AZ,OK,2.24008295674323
AZ,OR,5.35130928555328
AZ,PA,2.86232822250524
AZ,RI,0.373347159457205
AZ,SC,0.373347159457205
AZ,SD,0.497796212609607
AZ,TN,4.23126780718166
AZ,TX,23.1475238863467
AZ,UT,3.11122632881005
AZ,VT,0.124449053152402
AZ,VA,2.11563390359083
AZ,WV,0.373347159457205
AZ,WI,3.85792064772446
AZ,WY,1.24449053152402
AR,AL,1.74228674413363
AR,AZ,0.995592425219216
AR,CA,3.48457348826726
AR,CO,1.24449053152402
AR,CT,0.248898106304804
AR,DE,0.248898106304804
AR,DC,2.73787916935284
AR,FL,5.10241117924848
AR,GA,1.74228674413363
AR,IL,4.60461496663887
AR,IN,0.248898106304804
AR,IA,0.995592425219216
AR,KS,2.48898106304804
AR,KY,1.99118485043843
AR,LA,1.36893958467642
AR,ME,0.62224526576201
AR,MD,0.373347159457206
AR,MA,0.373347159457206
AR,MI,1.86673579728603
AR,MN,1.24449053152402
AR,MS,0.871143372066814
AR,MO,2.61343011620044
AR,MT,0.373347159457206
AR,NE,0.995592425219216
AR,NV,1.36893958467642
AR,NJ,0.62224526576201
AR,NY,3.98236970087686
AR,NC,0.871143372066814
AR,ND,0.124449053152402
AR,OH,1.36893958467642
AR,OK,3.36012443511485
AR,OR,0.746694318914412
AR,PA,1.74228674413363
AR,RI,0.373347159457206
AR,SC,0.373347159457206
AR,TN,8.33808656121093
AR,TX,17.9206636539459
AR,UT,0.497796212609608
AR,VA,0.497796212609608
AR,WI,0.995592425219216
AR,WY,0.248898106304804
CA,AL,18.2940108134031
CA,AZ,38.2058593177874
CA,AR,4.72906401979128
CA,CO,29.7433237034241
CA,CT,12.071558155783
CA,DE,2.98677727565765
CA,DC,43.5571686033407
CA,FL,80.8918845490614
CA,GA,23.8942182052612
CA,ID,2.98677727565765
CA,IL,44.55276102856
CA,IN,10.827067624259
CA,IA,14.1871920593738
CA,KS,20.7829918764512
CA,KY,14.8094373251359
CA,LA,10.5781695179542
CA,ME,3.98236970087687
CA,MD,6.0980036044677
CA,MA,16.8006221755743
CA,MI,21.7785843016704
CA,MN,12.4449053152402
CA,MS,4.72906401979128
CA,MO,7.46694318914413
CA,MT,3.98236970087687
CA,NE,5.8491054981629
CA,NV,30.7389161286433
CA,NH,5.6002073918581
CA,NJ,9.58257709273496
CA,NM,3.23567538196245
CA,NY,121.835623036202
CA,NC,12.693803421545
CA,ND,1.24449053152402
CA,OH,31.1122632881005
CA,OK,8.33808656121094
CA,OR,29.2455274908145
CA,PA,31.2367123412529
CA,RI,3.36012443511486
CA,SC,3.85792064772446
CA,SD,3.23567538196245
CA,TN,15.3072335377455
CA,TX,130.173709597413
CA,UT,13.1915996341546
CA,VT,2.98677727565765
CA,VA,19.1651541854699
CA,WV,3.73347159457206
CA,WI,13.8138448999166
CA,WY,3.48457348826726
CO,AL,2.48898106304804
CO,AZ,5.10241117924849
CO,AR,0.497796212609609
CO,CA,13.316048687307
CO,CT,0.497796212609609
CO,DE,0.373347159457207
CO,DC,6.34690171077251
CO,FL,15.0583354314407
CO,GA,3.48457348826726
CO,ID,0.622245265762011
CO,IL,22.5252786205848
CO,IN,1.99118485043844
CO,IA,4.10681875402927
CO,KS,8.08918845490614
CO,KY,3.23567538196246
CO,LA,2.36453200989564
CO,ME,0.373347159457207
CO,MD,1.24449053152402
CO,MA,1.99118485043844
CO,MI,4.23126780718168
CO,MN,3.98236970087687
CO,MS,1.74228674413363
CO,MO,2.36453200989564
CO,MT,0.497796212609609
CO,NE,3.11122632881005
CO,NV,1.49338863782883
CO,NH,0.248898106304804
CO,NJ,1.24449053152402
CO,NM,1.49338863782883
CO,NY,14.8094373251359
CO,NC,3.36012443511486
CO,ND,0.248898106304804
CO,OH,4.10681875402927
CO,OK,1.99118485043844
CO,OR,3.48457348826726
CO,PA,4.60461496663888
CO,RI,0.124449053152402
CO,SC,0.995592425219217
CO,SD,1.24449053152402
CO,TN,1.61783769098123
CO,TX,33.8501424574534
CO,UT,3.11122632881005
CO,VT,0.871143372066815
CO,VA,1.74228674413363
CO,WV,0.248898106304804
CO,WI,2.61343011620045
CO,WY,1.99118485043844
CT,AL,1.24449053152402
CT,AZ,1.74228674413363
CT,AR,0.124449053152402
CT,CA,5.47575833870569
CT,CO,1.99118485043843
CT,DE,0.248898106304804
CT,DC,6.72024887022971
CT,FL,11.449312890021
CT,GA,1.24449053152402
CT,ID,0.124449053152402
CT,IL,4.72906401979128
CT,IN,2.48898106304804
CT,IA,2.61343011620044
CT,KS,1.86673579728603
CT,KY,2.24008295674324
CT,LA,0.62224526576201
CT,ME,0.497796212609608
CT,MD,1.36893958467642
CT,MA,4.35571686033407
CT,MI,1.99118485043843
CT,MN,1.49338863782883
CT,MS,0.497796212609608
CT,MO,0.373347159457206
CT,MT,0.124449053152402
CT,NE,0.373347159457206
CT,NV,0.497796212609608
CT,NH,0.497796212609608
CT,NJ,1.86673579728603
CT,NM,0.124449053152402
CT,NY,21.5296861953656
CT,NC,2.24008295674324
CT,ND,0.124449053152402
CT,OH,7.09359602968692
CT,OK,0.497796212609608
CT,OR,1.74228674413363
CT,PA,2.73787916935285
CT,RI,0.746694318914413
CT,SC,0.62224526576201
CT,SD,0.497796212609608
CT,TN,2.61343011620044
CT,TX,16.3028259629647
CT,UT,0.373347159457206
CT,VT,0.62224526576201
CT,VA,2.36453200989564
CT,WV,0.746694318914413
CT,WI,1.12004147837162
CT,WY,0.62224526576201
DE,AL,0.497796212609608
DE,AZ,0.248898106304804
DE,CA,0.62224526576201
DE,CO,0.373347159457206
DE,CT,0.995592425219216
DE,DC,1.24449053152402
DE,FL,2.61343011620044
DE,GA,0.995592425219216
DE,IL,1.24449053152402
DE,IN,0.124449053152402
DE,IA,0.497796212609608
DE,KS,0.746694318914412
DE,KY,0.373347159457206
DE,LA,0.248898106304804
DE,MD,2.73787916935284
DE,MA,0.373347159457206
DE,MI,0.124449053152402
DE,MN,0.373347159457206
DE,NV,0.248898106304804
DE,NJ,6.59579981707731
DE,NY,4.23126780718167
DE,NC,0.62224526576201
DE,OH,0.995592425219216
DE,OK,0.124449053152402
DE,OR,0.746694318914412
DE,PA,3.98236970087687
DE,RI,0.62224526576201
DE,SC,0.373347159457206
DE,TN,0.62224526576201
DE,TX,2.98677727565765
DE,UT,0.497796212609608
DE,VT,0.124449053152402
DE,VA,0.871143372066814
DE,WI,0.124449053152402
DE,WY,0.124449053152402
DC,AL,3.11122632881005
DC,AZ,2.11563390359084
DC,AR,0.497796212609608
DC,CA,7.96473940175373
DC,CO,1.36893958467642
DC,CT,0.62224526576201
DC,DE,1.12004147837162
DC,FL,11.6982109963258
DC,GA,3.36012443511486
DC,ID,0.62224526576201
DC,IL,7.34249413599172
DC,IN,1.61783769098123
DC,IA,1.86673579728603
DC,KS,2.73787916935285
DC,KY,1.49338863782883
DC,LA,1.74228674413363
DC,ME,0.871143372066815
DC,MD,8.83588277382055
DC,MA,3.60902254141966
DC,MI,3.11122632881005
DC,MN,1.61783769098123
DC,MS,1.61783769098123
DC,MO,0.746694318914413
DC,MT,0.373347159457206
DC,NE,1.74228674413363
DC,NV,0.995592425219217
DC,NH,0.497796212609608
DC,NJ,1.99118485043843
DC,NM,0.373347159457206
DC,NY,25.0142596836328
DC,NC,3.48457348826726
DC,ND,0.373347159457206
DC,OH,4.48016591348648
DC,OK,0.871143372066815
DC,OR,4.48016591348648
DC,PA,4.85351307294368
DC,RI,0.995592425219217
DC,SC,1.24449053152402
DC,SD,0.248898106304804
DC,TN,2.11563390359084
DC,TX,14.4360901656786
DC,UT,0.62224526576201
DC,VT,0.995592425219217
DC,VA,6.34690171077251
DC,WV,0.497796212609608
DC,WI,2.86232822250525
DC,WY,0.373347159457206
FL,AL,13.316048687307
FL,AZ,11.3248638368686
FL,AR,2.48898106304804
FL,CA,63.9668133203347
FL,CO,11.8226600494782
FL,CT,1.74228674413363
FL,DE,2.36453200989564
FL,DC,30.6144670754909
FL,GA,22.7741767268896
FL,ID,0.871143372066816
FL,IL,27.3787916935285
FL,IN,7.84029034860134
FL,IA,9.45812803958257
FL,KS,12.4449053152402
FL,KY,8.83588277382056
FL,LA,10.4537204648018
FL,ME,2.73787916935285
FL,MD,9.33367898643017
FL,MA,15.5561316440503
FL,MI,19.2896032386223
FL,MN,6.34690171077251
FL,MS,4.10681875402927
FL,MO,5.97355455131531
FL,MT,2.48898106304804
FL,NE,3.85792064772447
FL,NV,6.47135076392492
FL,NH,0.497796212609609
FL,NJ,10.7026185711066
FL,NM,1.12004147837162
FL,NY,88.8566239508152
FL,NC,23.3964219926516
FL,ND,0.622245265762011
FL,OH,27.7521388529857
FL,OK,5.7246564450105
FL,OR,10.5781695179542
FL,PA,17.7962146007935
FL,RI,0.622245265762011
FL,SC,6.34690171077251
FL,SD,1.12004147837162
FL,TN,19.0407051323175
FL,TX,95.9502199805021
FL,UT,3.36012443511486
FL,VT,1.86673579728603
FL,VA,9.45812803958257
FL,WV,0.746694318914413
FL,WI,11.9471091026306
FL,WY,0.746694318914413
GA,AL,16.8006221755743
GA,AZ,4.60461496663888
GA,AR,5.2268602324009
GA,CA,17.9206636539459
GA,CO,6.84469792338213
GA,CT,0.871143372066816
GA,DE,0.871143372066816
GA,DC,9.70702614588738
GA,FL,59.8599945663055
GA,ID,1.36893958467643
GA,IL,51.8952551645518
GA,IN,2.73787916935285
GA,IA,3.48457348826726
GA,KS,5.97355455131531
GA,KY,6.47135076392492
GA,LA,8.96033182697297
GA,ME,1.12004147837162
GA,MD,11.0759657305638
GA,MA,4.60461496663888
GA,MI,10.7026185711066
GA,MN,9.33367898643017
GA,MS,5.6002073918581
GA,MO,3.98236970087687
GA,MT,0.124449053152402
GA,NE,2.48898106304805
GA,NV,2.36453200989564
GA,NH,0.622245265762011
GA,NJ,2.61343011620045
GA,NM,1.24449053152402
GA,NY,41.9393309123596
GA,NC,15.0583354314407
GA,ND,0.871143372066816
GA,OH,17.2984183881839
GA,OK,3.23567538196246
GA,OR,4.97796212609609
GA,PA,7.59139224229654
GA,RI,0.622245265762011
GA,SC,5.84910549816291
GA,SD,0.622245265762011
GA,TN,19.0407051323176
GA,TX,53.513092855533
GA,UT,2.48898106304805
GA,VT,0.124449053152402
GA,VA,8.96033182697297
GA,WV,0.871143372066816
GA,WI,5.10241117924849
GA,WY,1.24449053152402
ID,AL,0.373347159457207
ID,AZ,0.871143372066817
ID,AR,0.248898106304805
ID,CA,4.23126780718168
ID,CO,0.995592425219219
ID,DE,0.124449053152402
ID,DC,1.24449053152402
ID,FL,2.36453200989565
ID,GA,0.49779621260961
ID,IL,1.12004147837162
ID,IN,0.124449053152402
ID,IA,0.124449053152402
ID,KS,0.373347159457207
ID,KY,0.124449053152402
ID,LA,0.124449053152402
ID,ME,0.124449053152402
ID,MA,0.248898106304805
ID,MI,0.373347159457207
ID,MN,0.746694318914414
ID,MS,2.86232822250526
ID,MT,0.746694318914414
ID,NE,0.248898106304805
ID,NV,0.871143372066817
ID,NH,0.124449053152402
ID,NJ,0.248898106304805
ID,NY,2.86232822250526
ID,NC,0.124449053152402
ID,OH,0.995592425219219
ID,OR,2.36453200989565
ID,PA,0.124449053152402
ID,SC,0.248898106304805
ID,TN,0.124449053152402
ID,TX,4.72906401979129
ID,UT,2.11563390359084
ID,VT,0.622245265762012
ID,VA,0.248898106304805
ID,WV,0.248898106304805
ID,WI,0.124449053152402
ID,WY,0.373347159457207
IL,AL,6.22245265762011
IL,AZ,5.2268602324009
IL,AR,1.86673579728603
IL,CA,24.143116311566
IL,CO,8.83588277382056
IL,CT,1.61783769098123
IL,DE,0.497796212609609
IL,DC,11.449312890021
IL,FL,26.8809954809189
IL,GA,5.6002073918581
IL,ID,0.622245265762011
IL,IN,14.4360901656787
IL,IA,8.33808656121095
IL,KS,8.58698466751576
IL,KY,6.09800360446771
IL,LA,3.36012443511486
IL,ME,0.995592425219218
IL,MD,2.98677727565765
IL,MA,5.7246564450105
IL,MI,17.1739693350315
IL,MN,5.97355455131531
IL,MS,4.10681875402927
IL,MO,6.96914697653453
IL,MT,0.248898106304804
IL,NE,3.98236970087687
IL,NV,2.86232822250525
IL,NH,0.497796212609609
IL,NJ,5.7246564450105
IL,NM,0.497796212609609
IL,NY,36.9613687862635
IL,NC,4.97796212609609
IL,ND,0.622245265762011
IL,OH,11.3248638368686
IL,OK,2.48898106304805
IL,OR,5.2268602324009
IL,PA,8.46253561436335
IL,RI,0.373347159457207
IL,SC,2.11563390359084
IL,SD,0.995592425219218
IL,TN,7.09359602968693
IL,TX,40.5703913276831
IL,UT,1.36893958467643
IL,VT,0.124449053152402
IL,VA,2.73787916935285
IL,WV,0.746694318914414
IL,WI,20.2851956638416
IL,WY,0.995592425219218
IN,AL,3.48457348826726
IN,AZ,2.73787916935285
IN,AR,1.12004147837162
IN,CA,6.72024887022972
IN,CO,2.48898106304804
IN,CT,0.746694318914413
IN,DE,0.248898106304804
IN,DC,5.9735545513153
IN,FL,18.9162560791651
IN,GA,2.73787916935285
IN,ID,0.497796212609609
IN,IL,23.3964219926516
IN,IA,3.85792064772447
IN,KS,6.0980036044677
IN,KY,7.59139224229653
IN,LA,0.871143372066815
IN,ME,0.248898106304804
IN,MD,2.48898106304804
IN,MA,2.48898106304804
IN,MI,10.7026185711066
IN,MN,2.61343011620044
IN,MS,1.61783769098123
IN,MO,1.99118485043843
IN,MT,0.497796212609609
IN,NE,1.99118485043843
IN,NV,1.24449053152402
IN,NH,0.497796212609609
IN,NJ,1.61783769098123
IN,NM,0.124449053152402
IN,NY,11.2004147837162
IN,NC,2.24008295674324
IN,OH,13.8138448999166
IN,OK,1.86673579728603
IN,OR,1.99118485043843
IN,PA,5.6002073918581
IN,RI,0.248898106304804
IN,SC,0.497796212609609
IN,SD,0.373347159457206
IN,TN,6.84469792338212
IN,TX,25.5120558962424
IN,UT,0.995592425219217
IN,VT,0.124449053152402
IN,VA,3.98236970087687
IN,WV,1.24449053152402
IN,WI,5.8491054981629
IA,AL,0.871143372066814
IA,AZ,1.49338863782882
IA,AR,0.995592425219216
IA,CA,4.48016591348647
IA,CO,2.24008295674324
IA,CT,1.12004147837162
IA,DE,0.124449053152402
IA,DC,3.23567538196245
IA,FL,4.35571686033407
IA,GA,1.36893958467642
IA,ID,0.124449053152402
IA,IL,13.316048687307
IA,IN,2.86232822250525
IA,KS,4.48016591348647
IA,KY,1.12004147837162
IA,LA,0.871143372066814
IA,ME,0.124449053152402
IA,MD,0.62224526576201
IA,MA,0.62224526576201
IA,MI,3.36012443511485
IA,MN,4.48016591348647
IA,MS,1.12004147837162
IA,MO,3.85792064772446
IA,MT,0.124449053152402
IA,NE,5.10241117924848
IA,NV,1.86673579728603
IA,NJ,0.373347159457206
IA,NM,0.248898106304804
IA,NY,4.85351307294368
IA,NC,2.73787916935284
IA,ND,0.497796212609608
IA,OH,2.73787916935284
IA,OK,2.11563390359083
IA,OR,0.746694318914412
IA,PA,3.11122632881005
IA,SC,0.746694318914412
IA,SD,0.62224526576201
IA,TN,3.60902254141966
IA,TX,17.1739693350315
IA,UT,0.995592425219216
IA,VT,1.12004147837162
IA,VA,2.86232822250525
IA,WV,0.62224526576201
IA,WI,3.73347159457206
IA,WY,0.62224526576201
KS,AL,0.373347159457207
KS,AZ,0.995592425219218
KS,AR,0.497796212609609
KS,CA,6.47135076392492
KS,CO,2.73787916935285
KS,CT,0.124449053152402
KS,DE,0.124449053152402
KS,DC,2.48898106304804
KS,FL,5.22686023240089
KS,GA,1.61783769098123
KS,IL,8.08918845490615
KS,IN,1.12004147837162
KS,IA,1.24449053152402
KS,KY,0.746694318914414
KS,LA,0.622245265762011
KS,ME,0.124449053152402
KS,MD,0.995592425219218
KS,MA,0.746694318914414
KS,MI,1.61783769098123
KS,MN,1.12004147837162
KS,MS,0.124449053152402
KS,MO,14.6849882719835
KS,NE,2.11563390359084
KS,NV,0.871143372066816
KS,NH,0.124449053152402
KS,NJ,0.373347159457207
KS,NM,0.497796212609609
KS,NY,8.96033182697296
KS,NC,1.49338863782883
KS,OH,4.10681875402927
KS,OK,2.98677727565765
KS,OR,0.871143372066816
KS,PA,6.34690171077251
KS,SC,0.248898106304804
KS,SD,0.622245265762011
KS,TN,0.995592425219218
KS,TX,21.5296861953656
KS,UT,0.995592425219218
KS,VT,0.622245265762011
KS,VA,0.871143372066816
KS,WV,0.373347159457207
KS,WI,0.995592425219218
KS,WY,0.373347159457207
KY,AL,4.97796212609608
KY,AZ,1.61783769098123
KY,AR,1.86673579728603
KY,CA,5.60020739185809
KY,CO,1.24449053152402
KY,CT,0.497796212609608
KY,DE,0.497796212609608
KY,DC,4.85351307294368
KY,FL,11.6982109963258
KY,GA,3.36012443511486
KY,ID,0.124449053152402
KY,IL,11.0759657305638
KY,IN,6.3469017107725
KY,IA,0.871143372066814
KY,KS,4.60461496663888
KY,LA,1.99118485043843
KY,ME,0.248898106304804
KY,MD,1.24449053152402
KY,MA,1.49338863782882
KY,MI,4.85351307294368
KY,MN,1.86673579728603
KY,MS,1.36893958467642
KY,MO,2.24008295674324
KY,MT,0.124449053152402
KY,NE,1.12004147837162
KY,NV,1.36893958467642
KY,NJ,0.497796212609608
KY,NM,0.124449053152402
KY,NY,8.58698466751574
KY,NC,3.23567538196245
KY,ND,0.248898106304804
KY,OH,19.4140522917747
KY,OK,0.373347159457206
KY,OR,1.99118485043843
KY,PA,3.23567538196245
KY,RI,1.12004147837162
KY,SC,2.36453200989564
KY,SD,0.373347159457206
KY,TN,12.3204562620878
KY,TX,24.143116311566
KY,UT,0.373347159457206
KY,VT,0.746694318914412
KY,VA,5.7246564450105
KY,WV,0.746694318914412
KY,WI,1.24449053152402
KY,WY,0.248898106304804
LA,AL,7.71584129544896
LA,AZ,2.11563390359084
LA,AR,1.86673579728604
LA,CA,7.46694318914415
LA,CO,3.11122632881006
LA,CT,0.124449053152403
LA,DE,0.124449053152403
LA,DC,3.60902254141967
LA,FL,24.8898106304805
LA,GA,4.7290640197913
LA,IL,8.96033182697298
LA,IN,1.61783769098123
LA,IA,0.99559242521922
LA,KS,2.24008295674325
LA,KY,1.86673579728604
LA,ME,0.373347159457208
LA,MD,1.49338863782883
LA,MA,1.24449053152403
LA,MI,2.48898106304805
LA,MN,1.36893958467643
LA,MS,4.6046149666389
LA,MO,0.49779621260961
LA,MT,0.248898106304805
LA,NE,0.49779621260961
LA,NV,2.11563390359084
LA,NH,0.124449053152403
LA,NJ,1.49338863782883
LA,NM,0.248898106304805
LA,NY,12.9427015278499
LA,NC,2.98677727565766
LA,OH,3.36012443511487
LA,OK,0.746694318914415
LA,OR,2.61343011620045
LA,PA,2.73787916935286
LA,SC,0.373347159457208
LA,SD,0.248898106304805
LA,TN,4.23126780718169
LA,TX,42.8104742844265
LA,UT,1.49338863782883
LA,VT,0.124449053152403
LA,VA,1.36893958467643
LA,WV,0.622245265762013
LA,WI,1.99118485043844
LA,WY,0.49779621260961
ME,AL,0.871143372066814
ME,AZ,0.497796212609608
ME,AR,0.124449053152402
ME,CA,2.36453200989564
ME,CO,0.373347159457206
ME,CT,0.373347159457206
ME,DC,1.12004147837162
ME,FL,1.61783769098123
ME,GA,1.24449053152402
ME,ID,0.124449053152402
ME,IL,0.871143372066814
ME,IN,0.871143372066814
ME,IA,0.373347159457206
ME,KS,0.871143372066814
ME,KY,0.373347159457206
ME,LA,0.248898106304804
ME,MD,0.248898106304804
ME,MA,1.99118485043843
ME,MI,0.248898106304804
ME,MN,0.248898106304804
ME,MS,0.248898106304804
ME,MO,0.373347159457206
ME,MT,0.248898106304804
ME,NE,0.124449053152402
ME,NV,0.497796212609608
ME,NH,0.497796212609608
ME,NJ,0.995592425219216
ME,NM,0.124449053152402
ME,NY,2.11563390359083
ME,NC,1.12004147837162
ME,OH,0.995592425219216
ME,OK,0.124449053152402
ME,OR,11.9471091026306
ME,PA,4.48016591348647
ME,RI,0.373347159457206
ME,SC,0.248898106304804
ME,TN,0.373347159457206
ME,TX,4.23126780718167
ME,UT,0.497796212609608
ME,VT,0.124449053152402
ME,VA,0.497796212609608
ME,WI,0.62224526576201
ME,WY,0.124449053152402
MD,AL,1.99118485043844
MD,AZ,2.98677727565766
MD,AR,0.622245265762012
MD,CA,12.4449053152402
MD,CO,3.85792064772447
MD,CT,1.49338863782883
MD,DE,2.73787916935285
MD,DC,13.1915996341546
MD,FL,16.3028259629647
MD,GA,4.60461496663889
MD,ID,0.373347159457207
MD,IL,13.8138448999167
MD,IN,3.11122632881006
MD,IA,1.74228674413363
MD,KS,3.48457348826727
MD,KY,8.33808656121096
MD,LA,1.61783769098123
MD,ME,0.746694318914414
MD,MA,4.60461496663889
MD,MI,3.23567538196246
MD,MN,2.11563390359084
MD,MS,0.995592425219219
MD,MO,1.61783769098123
MD,MT,0.497796212609609
MD,NE,1.24449053152402
MD,NV,1.36893958467643
MD,NH,0.124449053152402
MD,NJ,5.4757583387057
MD,NM,0.497796212609609
MD,NY,25.3876068430901
MD,NC,4.97796212609609
MD,ND,0.373347159457207
MD,OH,5.84910549816291
MD,OK,1.99118485043844
MD,OR,1.99118485043844
MD,PA,11.8226600494782
MD,RI,0.746694318914414
MD,SC,1.24449053152402
MD,SD,0.124449053152402
MD,TN,3.60902254141967
MD,TX,31.6100595007102
MD,UT,1.12004147837162
MD,VT,0.497796212609609
MD,VA,12.8182524746974
MD,WV,0.871143372066816
MD,WI,3.73347159457207
MD,WY,0.248898106304805
MA,AL,2.73787916935284
MA,AZ,2.86232822250524
MA,AR,0.622245265762008
MA,CA,10.9515166774113
MA,CO,4.85351307294366
MA,CT,2.73787916935284
MA,DE,2.11563390359083
MA,DC,8.58698466751571
MA,FL,18.294010813403
MA,GA,4.10681875402925
MA,ID,0.871143372066811
MA,IL,13.0671505810022
MA,IN,1.49338863782882
MA,IA,3.36012443511484
MA,KS,2.24008295674323
MA,KY,3.11122632881004
MA,LA,1.24449053152402
MA,ME,3.36012443511484
MA,MD,1.24449053152402
MA,MI,6.34690171077248
MA,MN,1.99118485043843
MA,MS,1.24449053152402
MA,MO,2.36453200989563
MA,MT,0.373347159457205
MA,NE,1.61783769098122
MA,NV,0.871143372066811
MA,NH,2.73787916935284
MA,NJ,2.86232822250524
MA,NM,0.124449053152402
MA,NY,31.61005950071
MA,NC,4.23126780718166
MA,ND,0.248898106304803
MA,OH,4.85351307294366
MA,OK,1.49338863782882
MA,OR,9.70702614588733
MA,PA,10.4537204648017
MA,RI,2.61343011620043
MA,SC,0.373347159457205
MA,SD,0.373347159457205
MA,TN,2.36453200989563
MA,TX,23.1475238863467
MA,UT,0.622245265762008
MA,VT,3.36012443511484
MA,VA,3.48457348826725
MA,WV,0.124449053152402
MA,WI,3.36012443511484
MA,WY,0.124449053152402
MI,AL,2.36453200989565
MI,AZ,4.35571686033409
MI,AR,0.497796212609611
MI,CA,13.8138448999167
MI,CO,2.61343011620046
MI,CT,0.995592425219221
MI,DE,0.248898106304805
MI,DC,5.47575833870572
MI,FL,18.4184598665556
MI,GA,4.35571686033409
MI,ID,0.497796212609611
MI,IL,32.9789990853867
MI,IN,5.84910549816293
MI,IA,3.60902254141968
MI,KS,6.34690171077254
MI,KY,2.86232822250526
MI,LA,1.61783769098123
MI,ME,0.746694318914416
MI,MD,3.23567538196247
MI,MA,2.48898106304805
MI,MN,4.8535130729437
MI,MS,3.36012443511487
MI,MO,4.97796212609611
MI,MT,0.248898106304805
MI,NE,2.11563390359085
MI,NV,1.99118485043844
MI,NH,0.373347159457208
MI,NJ,0.871143372066819
MI,NM,0.373347159457208
MI,NY,17.7962146007936
MI,NC,3.48457348826727
MI,ND,0.124449053152403
MI,OH,12.5693543683927
MI,OK,1.24449053152403
MI,OR,3.48457348826727
MI,PA,6.84469792338215
MI,RI,0.622245265762013
MI,SC,1.36893958467643
MI,SD,0.248898106304805
MI,TN,3.48457348826727
MI,TX,27.6276897998334
MI,UT,1.61783769098123
MI,VT,0.373347159457208
MI,VA,2.73787916935286
MI,WV,0.248898106304805
MI,WI,7.09359602968695
MI,WY,2.86232822250526
MN,AL,2.11563390359084
MN,AZ,4.10681875402927
MN,AR,0.62224526576201
MN,CA,7.34249413599172
MN,CO,3.48457348826726
MN,CT,0.497796212609608
MN,DE,0.373347159457206
MN,DC,5.8491054981629
MN,FL,9.95592425219217
MN,GA,2.36453200989564
MN,ID,0.248898106304804
MN,IL,11.9471091026306
MN,IN,4.85351307294368
MN,IA,10.7026185711066
MN,KS,3.98236970087687
MN,KY,2.48898106304804
MN,LA,0.497796212609608
MN,ME,0.248898106304804
MN,MD,1.86673579728603
MN,MA,0.995592425219217
MN,MI,5.8491054981629
MN,MS,1.49338863782883
MN,MO,2.24008295674324
MN,MT,0.871143372066815
MN,NE,2.98677727565765
MN,NV,1.12004147837162
MN,NH,0.373347159457206
MN,NJ,1.12004147837162
MN,NM,0.248898106304804
MN,NY,15.8050297503551
MN,NC,1.24449053152402
MN,ND,2.98677727565765
MN,OH,3.98236970087687
MN,OK,1.61783769098123
MN,OR,1.99118485043843
MN,PA,1.99118485043843
MN,RI,0.373347159457206
MN,SC,0.124449053152402
MN,SD,2.11563390359084
MN,TN,2.73787916935285
MN,TX,17.5473164944887
MN,UT,0.248898106304804
MN,VT,0.497796212609608
MN,VA,1.99118485043843
MN,WV,0.62224526576201
MN,WI,10.4537204648018
MN,WY,0.746694318914413
MS,AL,4.23126780718168
MS,AZ,0.746694318914413
MS,AR,1.86673579728603
MS,CA,1.74228674413363
MS,CO,0.497796212609609
MS,CT,0.124449053152402
MS,DE,0.124449053152402
MS,DC,0.871143372066816
MS,FL,9.20922993327777
MS,GA,1.99118485043844
MS,ID,0.124449053152402
MS,IL,5.97355455131531
MS,IN,0.995592425219218
MS,IA,0.622245265762011
MS,KS,0.871143372066816
MS,KY,2.61343011620045
MS,LA,5.3513092855533
MS,ME,0.248898106304804
MS,MD,0.248898106304804
MS,MA,0.497796212609609
MS,MI,1.12004147837162
MS,MN,0.746694318914413
MS,MO,1.74228674413363
MS,MT,0.124449053152402
MS,NE,1.24449053152402
MS,NV,0.373347159457207
MS,NJ,0.373347159457207
MS,NM,0.248898106304804
MS,NY,5.22686023240089
MS,NC,1.99118485043844
MS,OH,2.73787916935285
MS,OK,0.871143372066816
MS,OR,0.746694318914413
MS,PA,1.49338863782883
MS,SC,1.99118485043844
MS,TN,6.84469792338212
MS,TX,10.827067624259
MS,UT,0.248898106304804
MS,VA,0.871143372066816
MS,WV,0.373347159457207
MS,WI,2.73787916935285
MS,WY,0.248898106304804
MO,AL,1.74228674413363
MO,AZ,3.36012443511486
MO,AR,1.99118485043844
MO,CA,10.0803733053446
MO,CO,3.85792064772447
MO,CT,0.995592425219217
MO,DC,7.84029034860134
MO,FL,10.9515166774114
MO,GA,4.35571686033408
MO,ID,0.497796212609609
MO,IL,21.5296861953656
MO,IN,2.98677727565765
MO,IA,3.73347159457207
MO,KS,12.3204562620878
MO,KY,2.24008295674324
MO,LA,1.86673579728603
MO,ME,0.497796212609609
MO,MD,2.48898106304804
MO,MA,2.48898106304804
MO,MI,3.85792064772447
MO,MN,2.86232822250525
MO,MS,1.86673579728603
MO,MT,0.124449053152402
MO,NE,2.48898106304804
MO,NV,1.24449053152402
MO,NJ,0.622245265762011
MO,NM,0.124449053152402
MO,NY,11.449312890021
MO,NC,2.86232822250525
MO,ND,0.373347159457207
MO,OH,5.4757583387057
MO,OK,1.99118485043844
MO,OR,1.24449053152402
MO,PA,5.7246564450105
MO,SC,1.86673579728603
MO,SD,0.622245265762011
MO,TN,3.23567538196246
MO,TX,26.3831992683093
MO,UT,0.746694318914413
MO,VT,0.124449053152402
MO,VA,2.98677727565765
MO,WV,0.124449053152402
MO,WI,3.11122632881005
MO,WY,0.746694318914413
MT,AL,0.124449053152402
MT,AZ,0.746694318914413
MT,AR,0.248898106304804
MT,CA,2.24008295674324
MT,CO,4.23126780718167
MT,DC,1.24449053152402
MT,FL,1.12004147837162
MT,ID,0.995592425219217
MT,IL,4.72906401979128
MT,IN,0.373347159457206
MT,IA,2.24008295674324
MT,KS,0.622245265762011
MT,KY,0.622245265762011
MT,LA,0.248898106304804
MT,MD,0.373347159457206
MT,MA,0.497796212609609
MT,MI,0.373347159457206
MT,MN,0.373347159457206
MT,MS,0.124449053152402
MT,MO,0.373347159457206
MT,NE,1.36893958467642
MT,NV,0.124449053152402
MT,NM,0.248898106304804
MT,NY,1.74228674413363
MT,NC,0.871143372066815
MT,ND,0.373347159457206
MT,OH,0.871143372066815
MT,OK,0.373347159457206
MT,OR,0.746694318914413
MT,PA,0.248898106304804
MT,SC,0.248898106304804
MT,SD,0.248898106304804
MT,TX,5.22686023240089
MT,UT,0.124449053152402
MT,VT,0.124449053152402
MT,VA,0.124449053152402
MT,WI,0.622245265762011
MT,WY,0.622245265762011
NE,AL,1.12004147837162
NE,AZ,1.61783769098123
NE,AR,0.746694318914414
NE,CA,2.86232822250525
NE,CO,3.23567538196246
NE,CT,0.124449053152402
NE,DE,0.124449053152402
NE,DC,1.49338863782883
NE,FL,2.48898106304805
NE,GA,1.61783769098123
NE,IL,6.72024887022972
NE,IN,0.622245265762011
NE,IA,5.4757583387057
NE,KS,5.97355455131531
NE,KY,2.73787916935285
NE,LA,0.497796212609609
NE,ME,0.248898106304804
NE,MD,0.497796212609609
NE,MA,0.746694318914414
NE,MI,2.24008295674324
NE,MN,0.871143372066816
NE,MS,0.497796212609609
NE,MO,1.86673579728603
NE,NV,1.12004147837162
NE,NJ,0.497796212609609
NE,NM,0.124449053152402
NE,NY,2.61343011620045
NE,NC,1.99118485043844
NE,ND,0.124449053152402
NE,OH,2.48898106304805
NE,OK,1.49338863782883
NE,OR,0.373347159457207
NE,PA,2.11563390359084
NE,RI,0.124449053152402
NE,SC,0.248898106304804
NE,SD,0.746694318914414
NE,TN,1.12004147837162
NE,TX,8.71143372066816
NE,UT,0.373347159457207
NE,VT,0.373347159457207
NE,VA,0.746694318914414
NE,WI,2.48898106304805
NE,WY,1.12004147837162
NV,AL,2.11563390359084
NV,AZ,8.83588277382055
NV,AR,0.871143372066815
NV,CA,23.8942182052612
NV,CO,4.35571686033408
NV,DE,0.497796212609609
NV,DC,4.48016591348648
NV,FL,12.9427015278498
NV,GA,2.36453200989564
NV,ID,0.248898106304804
NV,IL,14.0627430062214
NV,IN,2.36453200989564
NV,IA,2.36453200989564
NV,KS,1.12004147837162
NV,KY,0.871143372066815
NV,LA,1.36893958467642
NV,ME,0.124449053152402
NV,MD,2.24008295674324
NV,MA,3.23567538196246
NV,MI,4.10681875402927
NV,MN,2.36453200989564
NV,MS,0.995592425219217
NV,MO,1.24449053152402
NV,MT,0.622245265762011
NV,NE,1.99118485043843
NV,NH,0.248898106304804
NV,NJ,1.24449053152402
NV,NM,0.497796212609609
NV,NY,13.0671505810022
NV,NC,2.24008295674324
NV,ND,0.124449053152402
NV,OH,4.10681875402927
NV,OK,0.622245265762011
NV,OR,3.60902254141966
NV,PA,2.98677727565765
NV,RI,0.622245265762011
NV,SC,1.36893958467642
NV,SD,0.871143372066815
NV,TN,2.98677727565765
NV,TX,41.9393309123595
NV,UT,2.86232822250525
NV,VT,0.248898106304804
NV,VA,1.74228674413363
NV,WV,0.124449053152402
NV,WI,1.49338863782883
NV,WY,0.995592425219217
NH,AL,0.622245265762011
NH,AZ,0.622245265762011
NH,CA,1.86673579728603
NH,CO,1.12004147837162
NH,CT,0.248898106304804
NH,DC,1.24449053152402
NH,FL,3.73347159457206
NH,GA,0.746694318914413
NH,ID,0.124449053152402
NH,IL,2.86232822250525
NH,IN,0.497796212609608
NH,IA,0.248898106304804
NH,KY,0.124449053152402
NH,ME,2.98677727565765
NH,MD,0.124449053152402
NH,MA,5.8491054981629
NH,MI,0.995592425219217
NH,MN,0.497796212609608
NH,MS,0.373347159457206
NH,NE,0.373347159457206
NH,NV,0.124449053152402
NH,NJ,0.124449053152402
NH,NM,0.124449053152402
NH,NY,4.35571686033407
NH,NC,1.86673579728603
NH,ND,0.124449053152402
NH,OH,0.871143372066815
NH,OR,1.74228674413363
NH,PA,1.61783769098123
NH,RI,0.248898106304804
NH,SC,0.248898106304804
NH,TN,0.373347159457206
NH,TX,1.86673579728603
NH,UT,0.124449053152402
NH,VT,0.995592425219217
NH,VA,1.36893958467642
NH,WI,0.373347159457206
NJ,AL,3.23567538196245
NJ,AZ,3.98236970087687
NJ,AR,0.497796212609608
NJ,CA,12.9427015278498
NJ,CO,6.59579981707731
NJ,CT,4.35571686033407
NJ,DE,1.74228674413363
NJ,DC,11.6982109963258
NJ,FL,27.0054445340712
NJ,GA,5.7246564450105
NJ,ID,0.124449053152402
NJ,IL,15.3072335377455
NJ,IN,1.86673579728603
NJ,IA,3.48457348826726
NJ,KS,7.71584129544893
NJ,KY,4.48016591348648
NJ,LA,1.86673579728603
NJ,ME,1.36893958467642
NJ,MD,3.98236970087687
NJ,MA,8.58698466751575
NJ,MI,4.85351307294368
NJ,MN,2.24008295674324
NJ,MS,1.36893958467642
NJ,MO,2.73787916935285
NJ,MT,0.124449053152402
NJ,NE,1.61783769098123
NJ,NV,1.12004147837162
NJ,NH,0.124449053152402
NJ,NM,0.62224526576201
NJ,NY,88.4832767913579
NJ,NC,8.71143372066815
NJ,OH,7.21804508283932
NJ,OK,1.12004147837162
NJ,OR,3.23567538196245
NJ,PA,19.5385013449271
NJ,RI,0.995592425219217
NJ,SC,3.36012443511486
NJ,SD,0.248898106304804
NJ,TN,4.23126780718167
NJ,TX,21.9030333548228
NJ,UT,0.871143372066815
NJ,VT,6.96914697653452
NJ,VA,3.60902254141966
NJ,WV,0.497796212609608
NJ,WI,5.10241117924849
NJ,WY,0.995592425219217
NM,AL,1.12004147837162
NM,AZ,2.86232822250525
NM,AR,0.124449053152402
NM,CA,8.83588277382056
NM,CO,3.48457348826726
NM,CT,0.124449053152402
NM,DE,0.124449053152402
NM,DC,2.36453200989564
NM,FL,3.36012443511486
NM,GA,5.3513092855533
NM,ID,0.248898106304804
NM,IL,1.24449053152402
NM,IN,0.373347159457207
NM,IA,0.497796212609609
NM,KS,26.1343011620045
NM,KY,0.746694318914413
NM,LA,0.373347159457207
NM,ME,0.124449053152402
NM,MD,0.124449053152402
NM,MA,0.248898106304804
NM,MI,1.36893958467642
NM,MN,0.746694318914413
NM,MS,0.124449053152402
NM,MO,0.622245265762011
NM,MT,0.124449053152402
NM,NE,0.497796212609609
NM,NV,1.49338863782883
NM,NH,0.373347159457207
NM,NJ,0.248898106304804
NM,NY,3.48457348826726
NM,NC,0.373347159457207
NM,OH,2.36453200989564
NM,OK,1.12004147837162
NM,OR,0.497796212609609
NM,PA,0.746694318914413
NM,SC,0.124449053152402
NM,TN,1.12004147837162
NM,TX,11.3248638368686
NM,UT,0.871143372066816
NM,VA,0.124449053152402
NM,WV,0.248898106304804
NM,WI,0.622245265762011
NM,WY,0.124449053152402
NY,AL,8.71143372066815
NY,AZ,10.3292714116494
NY,AR,2.24008295674324
NY,CA,51.0241117924849
NY,CO,12.9427015278498
NY,CT,12.693803421545
NY,DE,2.73787916935285
NY,DC,29.2455274908145
NY,FL,68.8203263932784
NY,GA,18.7918070260127
NY,ID,1.24449053152402
NY,IL,45.175006294322
NY,IN,7.46694318914413
NY,IA,12.5693543683926
NY,KS,62.3489756293535
NY,KY,11.6982109963258
NY,LA,6.59579981707731
NY,ME,2.86232822250525
NY,MD,9.95592425219217
NY,MA,15.6805806972027
NY,MI,16.3028259629647
NY,MN,7.21804508283932
NY,MS,5.35130928555329
NY,MO,5.9735545513153
NY,MT,0.995592425219217
NY,NE,3.60902254141966
NY,NV,6.59579981707731
NY,NH,1.49338863782883
NY,NJ,34.2234896169106
NY,NM,1.24449053152402
NY,NC,13.938293953069
NY,ND,0.746694318914413
NY,OH,23.2719729394992
NY,OK,4.10681875402927
NY,OR,8.96033182697295
NY,PA,53.3886438023805
NY,RI,2.11563390359084
NY,SC,2.36453200989564
NY,SD,0.746694318914413
NY,TN,7.71584129544893
NY,TX,81.389680761671
NY,UT,3.11122632881005
NY,VT,3.98236970087687
NY,VA,23.6453200989564
NY,WV,7.59139224229653
NY,WI,9.45812803958256
NY,WY,2.11563390359084
NC,AL,6.47135076392492
NC,AZ,4.85351307294369
NC,AR,17.0495202818791
NC,CA,12.5693543683926
NC,CO,6.59579981707732
NC,CT,0.124449053152402
NC,DE,28.0010369592905
NC,DC,8.08918845490615
NC,FL,35.7168782547394
NC,GA,11.3248638368686
NC,ID,0.871143372066815
NC,IL,14.4360901656787
NC,IN,3.73347159457207
NC,IA,2.86232822250525
NC,KS,9.20922993327776
NC,KY,7.34249413599173
NC,LA,4.35571686033408
NC,ME,0.871143372066815
NC,MD,4.23126780718168
NC,MA,5.4757583387057
NC,MI,6.96914697653452
NC,MN,3.48457348826726
NC,MS,1.49338863782883
NC,MO,3.36012443511486
NC,MT,0.622245265762011
NC,NE,1.36893958467642
NC,NV,2.61343011620045
NC,NH,3.85792064772447
NC,NJ,3.60902254141966
NC,NM,0.373347159457207
NC,NY,22.5252786205848
NC,ND,0.248898106304804
NC,OH,9.33367898643017
NC,OK,2.61343011620045
NC,OR,6.59579981707732
NC,PA,7.34249413599173
NC,RI,0.497796212609609
NC,SC,10.7026185711066
NC,SD,0.248898106304804
NC,TN,10.9515166774114
NC,TX,36.836919733111
NC,UT,1.36893958467642
NC,VT,3.60902254141966
NC,VA,13.0671505810022
NC,WV,1.99118485043844
NC,WI,3.48457348826726
NC,WY,0.497796212609609
ND,AZ,0.248898106304804
ND,AR,0.124449053152402
ND,CA,0.871143372066815
ND,CO,0.622245265762011
ND,DC,0.248898106304804
ND,FL,0.622245265762011
ND,IL,1.49338863782883
ND,IN,0.622245265762011
ND,IA,0.124449053152402
ND,KS,1.74228674413363
ND,KY,0.373347159457206
ND,MA,0.124449053152402
ND,MI,0.746694318914413
ND,MN,2.36453200989564
ND,MO,0.373347159457206
ND,MT,0.373347159457206
ND,NE,0.248898106304804
ND,NV,0.124449053152402
ND,NY,0.622245265762011
ND,NC,0.248898106304804
ND,OH,0.622245265762011
ND,OK,0.248898106304804
ND,OR,0.373347159457206
ND,PA,0.746694318914413
ND,SD,0.124449053152402
ND,TN,0.248898106304804
ND,TX,2.24008295674324
ND,VT,0.248898106304804
ND,VA,1.36893958467642
ND,WI,0.622245265762011
OH,AL,8.58698466751575
OH,AZ,5.4757583387057
OH,AR,2.36453200989564
OH,CA,18.2940108134031
OH,CO,10.7026185711066
OH,CT,2.86232822250525
OH,DE,7.46694318914413
OH,DC,11.449312890021
OH,FL,29.7433237034241
OH,GA,8.33808656121095
OH,ID,0.248898106304804
OH,IL,26.5076483214617
OH,IN,8.08918845490615
OH,IA,6.09800360446771
OH,KS,6.09800360446771
OH,KY,14.9338863782883
OH,LA,3.36012443511486
OH,ME,0.746694318914414
OH,MD,6.09800360446771
OH,MA,3.36012443511486
OH,MI,24.8898106304804
OH,MN,3.60902254141966
OH,MS,3.98236970087687
OH,MO,2.48898106304804
OH,MT,0.622245265762011
OH,NE,1.86673579728603
OH,NV,2.86232822250525
OH,NH,0.746694318914414
OH,NJ,6.47135076392492
OH,NM,0.995592425219218
OH,NY,30.7389161286434
OH,NC,5.97355455131531
OH,ND,0.497796212609609
OH,OK,4.48016591348648
OH,OR,5.97355455131531
OH,PA,21.654135248518
OH,RI,1.12004147837162
OH,SC,3.85792064772447
OH,SD,0.124449053152402
OH,TN,6.96914697653453
OH,TX,62.7223227888107
OH,UT,1.36893958467642
OH,VT,0.995592425219218
OH,VA,7.71584129544894
OH,WV,2.36453200989564
OH,WI,8.21363750805855
OH,WY,1.74228674413363
OK,AL,2.24008295674324
OK,AZ,1.24449053152402
OK,AR,2.73787916935285
OK,CA,3.60902254141966
OK,CO,2.98677727565765
OK,CT,0.373347159457206
OK,DE,0.746694318914413
OK,DC,3.23567538196245
OK,FL,6.72024887022971
OK,GA,3.36012443511486
OK,ID,0.248898106304804
OK,IL,4.23126780718167
OK,IN,0.248898106304804
OK,IA,2.61343011620044
OK,KS,8.46253561436335
OK,KY,1.24449053152402
OK,LA,1.24449053152402
OK,ME,0.373347159457206
OK,MD,1.12004147837162
OK,MA,0.622245265762011
OK,MI,2.36453200989564
OK,MN,0.746694318914413
OK,MS,1.99118485043843
OK,MO,1.86673579728603
OK,MT,0.248898106304804
OK,NE,2.61343011620044
OK,NV,0.746694318914413
OK,NH,0.248898106304804
OK,NJ,0.373347159457206
OK,NM,0.248898106304804
OK,NY,8.08918845490614
OK,NC,1.49338863782883
OK,ND,0.497796212609608
OK,OH,2.86232822250525
OK,OR,1.24449053152402
OK,PA,1.99118485043843
OK,SC,0.248898106304804
OK,SD,0.248898106304804
OK,TN,3.73347159457206
OK,TX,31.6100595007101
OK,UT,1.12004147837162
OK,VA,0.995592425219217
OK,WV,0.622245265762011
OK,WI,0.995592425219217
OK,WY,0.497796212609608
OR,AL,1.49338863782883
OR,AZ,5.22686023240089
OR,AR,0.622245265762011
OR,CA,14.9338863782883
OR,CO,3.11122632881005
OR,CT,0.248898106304804
OR,DE,0.497796212609609
OR,DC,6.84469792338212
OR,FL,7.96473940175374
OR,GA,2.11563390359084
OR,ID,1.36893958467642
OR,IL,9.95592425219217
OR,IN,0.746694318914413
OR,IA,1.61783769098123
OR,KS,16.5517240692695
OR,KY,4.23126780718167
OR,LA,0.248898106304804
OR,ME,0.373347159457206
OR,MD,1.49338863782883
OR,MA,1.49338863782883
OR,MI,2.61343011620045
OR,MN,3.11122632881005
OR,MS,1.61783769098123
OR,MO,0.871143372066815
OR,MT,0.373347159457206
OR,NE,1.12004147837162
OR,NV,1.12004147837162
OR,NH,0.248898106304804
OR,NJ,0.497796212609609
OR,NM,0.373347159457206
OR,NY,12.3204562620878
OR,NC,1.12004147837162
OR,ND,0.248898106304804
OR,OH,8.08918845490614
OR,OK,0.995592425219217
OR,PA,3.23567538196246
OR,RI,0.871143372066815
OR,SC,0.746694318914413
OR,SD,0.871143372066815
OR,TN,1.99118485043844
OR,TX,19.7873994512319
OR,UT,1.61783769098123
OR,VT,0.248898106304804
OR,VA,1.12004147837162
OR,WV,0.497796212609609
OR,WI,0.871143372066815
OR,WY,0.622245265762011
PA,AL,5.1024111792485
PA,AZ,4.85351307294369
PA,AR,1.24449053152402
PA,CA,17.9206636539459
PA,CO,6.96914697653453
PA,CT,2.36453200989565
PA,DE,5.97355455131531
PA,DC,19.0407051323176
PA,FL,31.9834066601674
PA,GA,7.09359602968694
PA,ID,0.746694318914414
PA,IL,13.9382939530691
PA,IN,4.35571686033408
PA,IA,3.98236970087688
PA,KS,5.72465644501051
PA,KY,4.85351307294369
PA,LA,2.98677727565766
PA,ME,1.61783769098123
PA,MD,8.46253561436336
PA,MA,6.84469792338213
PA,MI,9.45812803958258
PA,MN,4.85351307294369
PA,MS,1.61783769098123
PA,MO,3.48457348826727
PA,MT,0.373347159457207
PA,NE,2.48898106304805
PA,NV,2.98677727565766
PA,NH,0.622245265762012
PA,NJ,15.5561316440503
PA,NM,0.49779621260961
PA,NY,45.0505572411697
PA,NC,8.21363750805856
PA,ND,0.373347159457207
PA,OH,15.8050297503551
PA,OK,1.74228674413363
PA,OR,3.73347159457207
PA,RI,0.995592425219219
PA,SC,2.73787916935285
PA,SD,0.622245265762012
PA,TN,6.59579981707733
PA,TX,41.1926365934452
PA,UT,1.61783769098123
PA,VT,1.61783769098123
PA,VA,8.21363750805856
PA,WV,2.86232822250525
PA,WI,6.22245265762012
PA,WY,1.12004147837162
RI,AL,0.124449053152402
RI,AZ,0.622245265762012
RI,AR,0.124449053152402
RI,CA,2.24008295674324
RI,CO,0.124449053152402
RI,CT,1.99118485043844
RI,DE,0.124449053152402
RI,DC,1.49338863782883
RI,FL,2.73787916935285
RI,GA,0.622245265762012
RI,ID,0.124449053152402
RI,IL,0.373347159457207
RI,IN,0.124449053152402
RI,IA,0.373347159457207
RI,KS,0.622245265762012
RI,KY,0.124449053152402
RI,ME,0.248898106304805
RI,MD,0.373347159457207
RI,MA,2.98677727565766
RI,MI,0.622245265762012
RI,NE,0.746694318914415
RI,NV,0.124449053152402
RI,NJ,0.124449053152402
RI,NY,5.72465644501051
RI,NC,0.622245265762012
RI,OH,0.746694318914415
RI,OK,0.248898106304805
RI,OR,0.373347159457207
RI,PA,2.48898106304805
RI,TX,3.85792064772448
RI,UT,0.373347159457207
RI,VA,1.12004147837162
RI,WI,0.124449053152402
SC,AL,4.23126780718168
SC,AZ,1.12004147837162
SC,AR,1.12004147837162
SC,CA,4.72906401979129
SC,CO,2.48898106304804
SC,CT,0.248898106304804
SC,DE,0.622245265762011
SC,DC,5.7246564450105
SC,FL,14.9338863782883
SC,GA,10.204822358497
SC,ID,0.622245265762011
SC,IL,7.59139224229654
SC,IN,1.49338863782883
SC,IA,1.61783769098123
SC,KS,85.4964995157004
SC,KY,6.72024887022972
SC,LA,2.98677727565765
SC,ME,0.871143372066816
SC,MD,2.24008295674324
SC,MA,1.61783769098123
SC,MI,3.11122632881006
SC,MN,2.11563390359084
SC,MS,0.995592425219218
SC,MO,1.49338863782883
SC,MT,0.248898106304804
SC,NE,1.74228674413363
SC,NV,0.871143372066816
SC,NH,0.497796212609609
SC,NJ,2.61343011620045
SC,NM,0.124449053152402
SC,NY,13.6893958467642
SC,NC,18.9162560791651
SC,ND,0.124449053152402
SC,OH,5.97355455131531
SC,OK,1.74228674413363
SC,OR,0.622245265762011
SC,PA,4.97796212609609
SC,RI,0.373347159457207
SC,SD,0.124449053152402
SC,TN,4.72906401979129
SC,TX,19.0407051323175
SC,UT,0.746694318914413
SC,VT,0.373347159457207
SC,VA,4.23126780718168
SC,WV,0.746694318914413
SC,WI,1.99118485043844
SC,WY,0.497796212609609
SD,AL,0.248898106304804
SD,AZ,0.373347159457206
SD,AR,0.248898106304804
SD,CA,1.61783769098123
SD,CO,1.49338863782883
SD,DC,0.995592425219217
SD,FL,0.995592425219217
SD,GA,0.746694318914413
SD,IL,0.995592425219217
SD,IN,0.871143372066815
SD,IA,1.99118485043843
SD,KS,3.48457348826726
SD,KY,0.373347159457206
SD,MD,0.124449053152402
SD,MA,0.124449053152402
SD,MI,0.373347159457206
SD,MN,4.97796212609609
SD,MO,0.248898106304804
SD,MT,0.995592425219217
SD,NE,0.373347159457206
SD,NV,0.124449053152402
SD,NH,0.124449053152402
SD,NJ,0.124449053152402
SD,NM,0.124449053152402
SD,NY,0.373347159457206
SD,NC,0.124449053152402
SD,ND,0.622245265762011
SD,OH,0.871143372066815
SD,OR,0.124449053152402
SD,PA,1.24449053152402
SD,TX,5.4757583387057
SD,UT,0.248898106304804
SD,VA,0.124449053152402
SD,WI,1.61783769098123
TN,AL,11.5737619431734
TN,AZ,2.48898106304804
TN,AR,5.47575833870569
TN,CA,8.58698466751574
TN,CO,3.98236970087687
TN,CT,0.62224526576201
TN,DE,0.62224526576201
TN,DC,7.96473940175373
TN,FL,23.0230748331944
TN,GA,11.0759657305638
TN,ID,0.248898106304804
TN,IL,20.9074409296035
TN,IN,3.85792064772446
TN,IA,2.36453200989564
TN,KS,3.60902254141966
TN,KY,10.827067624259
TN,LA,2.73787916935284
TN,ME,0.497796212609608
TN,MD,2.73787916935284
TN,MA,3.36012443511485
TN,MI,5.35130928555329
TN,MN,2.36453200989564
TN,MS,5.9735545513153
TN,MO,3.60902254141966
TN,MT,0.373347159457206
TN,NE,2.11563390359083
TN,NV,1.12004147837162
TN,NH,0.497796212609608
TN,NJ,1.24449053152402
TN,NY,19.1651541854699
TN,NC,12.693803421545
TN,ND,0.124449053152402
TN,OH,11.3248638368686
TN,OK,2.48898106304804
TN,OR,3.85792064772446
TN,PA,6.3469017107725
TN,RI,0.62224526576201
TN,SC,1.61783769098123
TN,SD,0.497796212609608
TN,TX,43.1838214438835
TN,UT,0.746694318914412
TN,VT,0.124449053152402
TN,VA,4.48016591348647
TN,WV,0.62224526576201
TN,WI,5.9735545513153
TN,WY,0.497796212609608
TX,AL,19.6629503980795
TX,AZ,18.5429089197079
TX,AR,10.827067624259
TX,CA,73.9227375725269
TX,CO,27.0054445340713
TX,CT,2.36453200989564
TX,DE,2.61343011620044
TX,DC,28.3743841187477
TX,FL,68.5714282869736
TX,GA,25.8854030556996
TX,ID,1.36893958467642
TX,IL,43.8060667096455
TX,IN,9.70702614588737
TX,IA,6.96914697653452
TX,KS,19.1651541854699
TX,KY,8.83588277382055
TX,LA,24.8898106304804
TX,ME,2.73787916935285
TX,MD,7.71584129544893
TX,MA,14.1871920593738
TX,MI,24.0186672584136
TX,MN,9.70702614588737
TX,MS,8.83588277382055
TX,MO,8.21363750805854
TX,MT,1.49338863782883
TX,NE,5.7246564450105
TX,NV,9.70702614588737
TX,NH,1.49338863782883
TX,NJ,6.72024887022972
TX,NM,6.96914697653452
TX,NY,74.6694318914413
TX,NC,12.5693543683926
TX,ND,1.36893958467642
TX,OH,24.765361577328
TX,OK,18.7918070260127
TX,OR,12.4449053152402
TX,PA,19.5385013449271
TX,RI,0.746694318914413
TX,SC,5.10241117924849
TX,SD,1.61783769098123
TX,TN,20.0362975575367
TX,UT,5.47575833870569
TX,VT,1.86673579728603
TX,VA,17.7962146007935
TX,WV,2.61343011620044
TX,WI,13.5649467936118
TX,WY,3.23567538196245
UT,AL,1.49338863782883
UT,AZ,3.48457348826726
UT,AR,0.622245265762011
UT,CA,8.08918845490614
UT,CO,3.36012443511486
UT,CT,0.248898106304804
UT,DE,0.124449053152402
UT,DC,3.11122632881005
UT,FL,4.97796212609609
UT,GA,2.24008295674324
UT,ID,1.49338863782883
UT,IL,3.85792064772447
UT,IN,0.373347159457207
UT,IA,0.995592425219217
UT,KS,0.995592425219217
UT,KY,0.995592425219217
UT,LA,0.497796212609609
UT,ME,0.373347159457207
UT,MD,0.248898106304804
UT,MA,0.871143372066815
UT,MI,0.746694318914413
UT,MN,0.871143372066815
UT,MS,0.248898106304804
UT,MO,1.24449053152402
UT,MT,0.248898106304804
UT,NE,0.248898106304804
UT,NV,1.61783769098123
UT,NH,0.373347159457207
UT,NJ,0.373347159457207
UT,NM,0.373347159457207
UT,NY,5.22686023240089
UT,NC,0.871143372066815
UT,ND,0.248898106304804
UT,OH,1.36893958467642
UT,OK,1.36893958467642
UT,OR,1.86673579728603
UT,PA,2.36453200989564
UT,SC,0.124449053152402
UT,SD,0.124449053152402
UT,TN,1.74228674413363
UT,TX,6.59579981707732
UT,VT,0.124449053152402
UT,VA,0.746694318914413
UT,WV,0.248898106304804
UT,WI,0.995592425219217
UT,WY,0.373347159457207
VT,AL,0.248898106304804
VT,AR,0.124449053152402
VT,CA,1.24449053152402
VT,CT,0.746694318914413
VT,DE,0.124449053152402
VT,DC,0.497796212609609
VT,FL,1.24449053152402
VT,ID,0.124449053152402
VT,IL,0.124449053152402
VT,KS,0.248898106304804
VT,KY,0.124449053152402
VT,LA,0.124449053152402
VT,ME,0.124449053152402
VT,MD,0.248898106304804
VT,MA,0.871143372066815
VT,MI,0.746694318914413
VT,MN,0.124449053152402
VT,MS,0.497796212609609
VT,MO,0.124449053152402
VT,NH,0.124449053152402
VT,NJ,0.373347159457206
VT,NY,3.98236970087687
VT,NC,0.871143372066815
VT,ND,0.124449053152402
VT,PA,0.248898106304804
VT,TN,0.124449053152402
VT,TX,3.60902254141966
VT,UT,0.373347159457206
VT,VA,0.124449053152402
VA,AL,4.97796212609608
VA,AZ,4.85351307294368
VA,AR,1.12004147837162
VA,CA,12.3204562620878
VA,CO,3.85792064772446
VA,CT,0.497796212609608
VA,DE,1.24449053152402
VA,DC,15.4316825908978
VA,FL,26.7565464277664
VA,GA,4.23126780718167
VA,ID,0.373347159457206
VA,IL,21.0318899827559
VA,IN,1.86673579728603
VA,IA,2.98677727565765
VA,KS,7.59139224229652
VA,KY,5.60020739185809
VA,LA,2.24008295674323
VA,ME,0.62224526576201
VA,MD,10.0803733053446
VA,MA,5.47575833870569
VA,MI,6.84469792338211
VA,MN,2.61343011620044
VA,MS,1.49338863782882
VA,MO,0.871143372066813
VA,MT,0.995592425219216
VA,NE,1.74228674413363
VA,NV,1.99118485043843
VA,NH,0.746694318914412
VA,NJ,4.48016591348647
VA,NY,26.2587502151568
VA,NC,14.1871920593738
VA,ND,0.373347159457206
VA,OH,8.83588277382054
VA,OK,1.61783769098123
VA,OR,4.23126780718167
VA,PA,9.45812803958255
VA,RI,1.49338863782882
VA,SC,1.49338863782882
VA,SD,0.746694318914412
VA,TN,7.09359602968691
VA,TX,37.9569612114826
VA,UT,0.995592425219216
VA,VT,0.497796212609608
VA,WV,1.74228674413363
VA,WI,3.73347159457206
VA,WY,0.248898106304804
WV,AZ,0.124449053152403
WV,AR,0.124449053152403
WV,CA,0.622245265762013
WV,CO,0.622245265762013
WV,CT,0.497796212609611
WV,DC,0.373347159457208
WV,FL,1.36893958467643
WV,GA,0.248898106304805
WV,IL,3.36012443511487
WV,IN,0.124449053152403
WV,IA,0.248898106304805
WV,KS,0.746694318914416
WV,KY,1.61783769098123
WV,LA,0.248898106304805
WV,ME,0.124449053152403
WV,MD,0.497796212609611
WV,MA,0.124449053152403
WV,MI,0.373347159457208
WV,MO,0.124449053152403
WV,MT,0.124449053152403
WV,NE,0.124449053152403
WV,NV,0.124449053152403
WV,NH,0.124449053152403
WV,NJ,1.12004147837162
WV,NM,0.248898106304805
WV,NY,1.12004147837162
WV,NC,0.995592425219221
WV,ND,0.248898106304805
WV,OH,3.23567538196247
WV,OK,0.248898106304805
WV,OR,0.497796212609611
WV,PA,1.86673579728604
WV,SC,5.60020739185812
WV,TN,0.995592425219221
WV,TX,3.60902254141968
WV,UT,0.124449053152403
WV,VA,1.49338863782883
WI,AL,0.248898106304804
WI,AZ,2.36453200989564
WI,AR,0.124449053152402
WI,CA,6.96914697653452
WI,CO,1.74228674413363
WI,CT,1.61783769098123
WI,DE,0.497796212609608
WI,DC,3.85792064772446
WI,FL,7.59139224229653
WI,GA,1.86673579728603
WI,ID,0.248898106304804
WI,IL,17.9206636539459
WI,IN,2.73787916935285
WI,IA,3.23567538196245
WI,KS,2.61343011620044
WI,KY,1.49338863782883
WI,LA,0.373347159457206
WI,ME,1.24449053152402
WI,MD,0.62224526576201
WI,MA,1.49338863782883
WI,MI,5.10241117924849
WI,MN,5.47575833870569
WI,MS,0.248898106304804
WI,MO,0.746694318914413
WI,NE,1.61783769098123
WI,NV,0.373347159457206
WI,NJ,0.497796212609608
WI,NM,0.124449053152402
WI,NY,8.08918845490614
WI,NC,1.49338863782883
WI,ND,0.124449053152402
WI,OH,4.48016591348648
WI,OK,0.62224526576201
WI,OR,2.98677727565765
WI,PA,4.35571686033407
WI,RI,0.124449053152402
WI,SC,0.62224526576201
WI,SD,0.248898106304804
WI,TN,2.11563390359084
WI,TX,13.8138448999166
WI,UT,0.248898106304804
WI,VT,0.248898106304804
WI,VA,1.12004147837162
WI,WV,0.373347159457206
WY,AZ,0.497796212609608
WY,AR,0.248898106304804
WY,CA,0.746694318914412
WY,CO,2.36453200989564
WY,CT,0.124449053152402
WY,FL,0.871143372066814
WY,GA,0.124449053152402
WY,ID,0.248898106304804
WY,IL,0.62224526576201
WY,IN,0.373347159457206
WY,IA,0.373347159457206
WY,KS,4.35571686033407
WY,KY,1.12004147837162
WY,LA,0.124449053152402
WY,MD,0.124449053152402
WY,MA,0.124449053152402
WY,MI,0.248898106304804
WY,MN,0.373347159457206
WY,MS,1.49338863782882
WY,MO,2.48898106304804
WY,MT,1.86673579728603
WY,NV,0.248898106304804
WY,NJ,0.124449053152402
WY,NY,2.61343011620044
WY,NC,0.124449053152402
WY,ND,0.124449053152402
WY,OH,0.871143372066814
WY,OK,0.248898106304804
WY,PA,0.995592425219216
WY,RI,0.124449053152402
WY,SC,0.248898106304804
WY,TN,0.373347159457206
WY,TX,3.11122632881005
WY,WI,0.124449053152402
